Event,Description,Date,Tone/Narrative,Headline/Event,Category
,"Reports focus on the friction between Skydance and Shari Redstone/Paramount. Detailed the complex ""dual-class"" hurdles.",2024-04-15,Analytical / Tense,Negotiations Intensify,Business/M&A
,"Reporting highlights Larry Ellison's crucial role as the financial ""engine"" providing the creditworthiness for the deal.",2024-07-15,Investigative / Critical,Financing Revealed,Business/Finance
,"Paramount pays $16M to settle Trump's defamation lawsuit. Described as a ""peace offering"" to clear regulatory paths.",2024-11-20,Suspicious / Transactional,The Trump Settlement,Legal/Politics
,"Trump administration approves the merger. Critics cited by Post call it a ""corrupt reward"" for the settlement and support.",2025-01-15,Damning / Alarmist,Regulatory Approval,Politics/Regulation
,"Skydance takes control. David Ellison promises ""I do not want to politicize our company"" to calm staff fears.",2025-08-20,Descriptive / Skeptical,Deal Closure,Business
,David Ellison buys Bari Weiss's 'The Free Press' for $150M. Weiss appointed EIC of CBS News.,2025-10-10,Polarizing / Culture War,The Free Press Buy,Media/Ideology
,"Rumors of a bid for Warner Bros. Discovery (CNN) swirl. Reports note CNN staff are ""unsettled"" by prospect of Ellison control.",2025-11-15,Anxious / Speculative,WBD Bid Rumors,Business/Media
,"Skydance fails to acquire WBD. Post reports CNN staff feel ""relief"" at avoiding the ""culture clash"" seen at CBS.",2025-12-06,Relieved / Analytical,WBD Deal Failure,Business
Negotiations Intensify,WaPo reports on the friction between Skydance and Paramount (Shari Redstone).,April 2024,,,
Financing Revealed,Reporting highlights Larry Ellison's crucial role as the financial backer of the deal.,July 2024,,,
The Trump Settlement,Paramount pays $16M to settle Trump's lawsuit.,Late 2024,,,
Regulatory Approval,"Trump administration approves the merger. Critics call it a ""corrupt reward.""",Early 2025,,,
Deal Closure,"Skydance takes control. David Ellison promises ""no politicization"" of CBS.",August 2025,,,
The Free Press Buy,David Ellison buys The Free Press for $150M; appoints Bari Weiss EIC of CBS News.,October 2025,,,
WBD Bid,Rumors swirl of a Skydance bid for Warner Bros. Discovery. CNN staff unsettled.,Nov 2025,,,
WBD Deal Fail,Skydance fails to acquire WBD. CNN expresses relief at avoiding Ellison control.,"Dec 6, 2025",,,
