"Date","Name/Title","Description","Source"
"2015-01-01","Core Narrative Divergence (2015-2025)","WaPo Narrative: 'Psychological & Democratic Rupture' - Frames the network as a radical discontinuity driven by personal transformation and authoritarian theory. | WashTimes Narrative: 'Factional Realignment' - Frames the network as a functional political shift and necessary infusion of outsider competence.","Text Report: Introduction"
"2016-07-21","Event: Peter Thiel RNC Speech","WaPo Narrative: Highlights the 'tension' and anomaly of a gay, immigrant tech billionaire supporting a populist platform; framed as an internal contradiction. | WashTimes Narrative: Highlights the 'Big Tent' aspect; focuses on the functional value of adding Silicon Valley libertarianism to the GOP coalition.","Ref: Thiel RNC Speech / WaPo Video Analysis"
"2016-10-31","Event: Thiel National Press Club Speech","WaPo Narrative: Portrays Thiel's support as a dark omen or intellectual betrayal; emphasizes the danger of his contrarianism. | WashTimes Narrative: Portrays Thiel as a visionary who saw the populist wave before others; emphasizes strategic foresight.","Ref: Thiel National Press Club / WaPo Coverage"
"2017-01-20","Theme: Early Trump Administration Influence","WaPo Narrative: Scrutinizes Thiel's influence as 'shadowy' or oligarchic intervention in democracy. | WashTimes Narrative: Views influence as a necessary infusion of outsider competence into a stagnant bureaucracy.","Text Report: Section 1"
"2021-01-01","Theme: Curtis Yarvin & The 'Deep Right'","WaPo Narrative: Yarvin is the 'Architect'. Cited as evidence of a hidden, authoritarian syllabus behind the candidates; existential threat framing. | WashTimes Narrative: Yarvin is a 'Combatant' or 'Liability'. Mentioned largely to discuss electoral viability/baggage, not as a secret puppet master.","Text Report: Section 2 - Narrative Architectures"
"2021-03-01","Topic: J.D. Vance's Political Pivot","WaPo Narrative: 'Psychological Rupture'. Contextualizes Vance via 2016 'Never Trump' comments; frames new stance as betrayal of his 'reasonable' public persona. | WashTimes Narrative: 'Political Realignment'. Focuses on Vance's alignment with current voter sentiment; treats past comments as irrelevant to current utility.","Text Report: Section 3.1 - The Case of J.D. Vance"
"2021-07-01","Event: Vance Senate Campaign Launch","WaPo Narrative: Narrates a shapeshifting or cynical transformation. Key question: 'What happened to him?' | WashTimes Narrative: Narrates a maturation process. Key question: 'How can he win?'","Text Report: Section 3.1 / Podcast: The Changing Face of J.D. Vance"
"2022-04-15","Topic: Thiel's Campaign Financing ($10M+)","WaPo Narrative: Framed as 'corruption' or purchasing a candidate; emphasizes the 'Oligarch' narrative and 'The Thiel Buck'. | WashTimes Narrative: Framed as 'war chests' and 'resource mobilization'; emphasizes the shifting 'Donor Class'.","Text Report: Section 3.1 / Campaign Finance Context"
"2022-04-27","Event: Club for Growth Attack Ads","WaPo Narrative: Analyzes ads as proof of the chaotic, radicalizing nature of the primary; focuses on the 'ugliness' of infighting. | WashTimes Narrative: Reports on ads as standard tactical maneuvers; focuses on poll numbers and ad efficacy.","Ref: Club for Growth Vance ad (WaPo Video)"
"2022-05-03","Event: J.D. Vance Wins Ohio Primary","WaPo Narrative: Treated as the triumph of a 'cynical' style of politics; a warning sign for the general election. | WashTimes Narrative: Treated as proof-of-concept for the National Conservative strategy; a victory for the anti-establishment wing.","Text Report: Section 3.1"
"2022-08-02","Event: Blake Masters Wins AZ Primary","WaPo Narrative: Victory of the 'Dark Enlightenment'. Heavy emphasis on Masters' connection to Yarvin and 'anti-democratic' ideas. | WashTimes Narrative: Victory of 'Anti-Establishment' vs 'Old Guard' (McConnell). Focuses on Masters as a fresh outsider.","Text Report: Section 3.2 - The Case of Blake Masters"
"2022-10-01","Topic: Masters Campaign Rhetoric","WaPo Narrative: Highlights 'extreme' positions (Gun Violence, Social Security) to illustrate danger to norms. | WashTimes Narrative: Discusses positions as 'bold' or 'risky' differentiation strategies.","Text Report: Section 3.2"
"2022-11-08","Event: Midterm Results (Masters Loss)","WaPo Narrative: 'Victory for Democracy'. The rejection of the 'weird' Thiel-right is seen as a moral correction by voters. | WashTimes Narrative: 'Tactical Failure'. Loss blamed on 'candidate quality' or funding, not an ideological repudiation.","Text Report: Section 4 - Divergent Conclusions"
"2022-11-08","Event: Midterm Results (Vance Win)","WaPo Narrative: Minimized or treated with dread. Seen as the successful 'capture' of a Senate seat by the network. | WashTimes Narrative: Successful 'Realignment'. Vance seen as the blueprint for future victories.","Text Report: Section 4 - Divergent Conclusions"
"2023-01-01","Theme: Post-2022 Network Assessment","WaPo Narrative: The network is 'Entrenched'. Focus on how they are burrowing into party machinery despite losses. | WashTimes Narrative: The network is 'Recalibrating'. Focus on lessons learned for 2024.","Text Report: Conclusion"
"2024-07-15","Event: J.D. Vance VP Nomination","WaPo Narrative: 'Completion of the Capture'. The network has successfully installed an operative in the executive branch. | WashTimes Narrative: 'Generational Torch Pass'. Ensuring the longevity of the populist movement beyond Trump.","Text Report: Conclusion"
"2025-01-01","Theme: Mechanism of Change (Summary)","WaPo Narrative: Change via 'Infiltration'. The Thiel network is a foreign virus entering the GOP host body. | WashTimes Narrative: Change via 'Competition'. The Thiel network is a startup disrupting a failing legacy firm.","Text Report: Summary Analysis"
"2025-01-01","Theme: Motivation (Summary)","WaPo Narrative: Motivation is 'Resentment/Authoritarianism'. Driven by desire to dismantle democracy. | WashTimes Narrative: Motivation is 'Efficiency/National Survival'. Driven by desire to fix a broken country.","Text Report: Summary Analysis"
