Source ID,Context & Sentiment,Date,Topic
,"Musk praised as a ""true
innovator"" and backer
of open-source AI
research.",Early 2015,Innovation/OpenAI
,"W. Scott Lamb
mentions Musk in the
context of broader
cultural/tech debates.","Aug 23, 2015",Cultural Commentary
,"""Dieselgate"" coverage
positions Musk’s EVs
as the beneficiary of
diesel's decline.",Sep 2015,VW Scandal
,"Article criticizes ""John
McCain and Elon
Musk"" as ""corporate
cronies.""","Jun 08, 2016",SpaceX/McCain
"Derisive references to
Musk as the ""Mars
soon guy.""",Mars Ambitions,,Mid-2016
"Musk’s future role in
exposing 2016
dynamics is
foreshadowed in",DNC Convention,,Jul 2016
retrospect.,,,
,"Coverage of protests
and Musk’s opposition","Jun 01, 2017",Paris Agreement
,to the withdrawal.,,
,"Musk warns Governors
of ""fleet-wide hacks"" at
NGA meeting.",Jul 2017,Cybersecurity
"Musk cited in debates
regarding corporate tax
rates and billionaire
loopholes.",Tax Reform,,General 2017
,"Acknolwedgement of
SpaceX's cost
dominance ($2-3k/lb).",Feb 2018,Falcon Heavy
,"Musk deletes company
pages; contrasted with
Zuckerberg.",Apr 2018,Facebook/Privacy
,"""Funding Secured""
tweet triggers legal
scrutiny coverage.",Aug 2018,Tesla Private
,"Debates on Autopilot
safety claims covered
in Washington Times.",Dec 2018,Auto Safety
,"Coverage of the design
studio unveil and transit
systems.","Dec 29, 2019",Cybertruck
,"Analysis of his
ideological shift; Joe
Rogan appearance.",May 2020,"""Red Pill"""
,"Musk's role in ""Space
Sensor Layer"" vs.
hypersonic missiles.",Jun 2020,Space Defense
,"$885M award for rural
broadband (later
revoked).",Late 2020,Starlink FCC
,"Coverage of his
mainstream cultural
appearance.","May 08, 2021",SNL Hosting
,"""GOP excited"" over",Apr 2022,Twitter Bid
,"Musk becoming largest
shareholder.",,
,"""Give Elon Musk a
chance to fix Twitter.""","Dec 20, 2022",Editorial
,"Rep. Johnson and
Jordan use Musk's files
to probe FBI.","Dec 23, 2022",Twitter Files
,"""Cage match"" proposal
and surgery delays.","Aug 07, 2023",Zuckerberg Feud
,"Musk praises Trump
after assassination
attempt.","Oct 06, 2024",Butler Endorsement
,"Identified as largest
donor ($277M) of the
cycle.",Late 2024,Donations
,"Musk central to the
transition team and
cabinet picks.",Nov 2024,Mar-a-Lago
,"DOGE team shuts
down the center; mass
firings.","Apr 01, 2025",Wilson Center
,"Coverage of the
agency's demolition
and legal challenges.",May 2025,USAID
,"Musk accuses Trump
of betraying spending
cut promises.","Jun 06, 2025",Trump Feud
,"Fallout: Musk's SpaceX
excluded from ""Golden
Dome"" due to feud.",Oct 2025,Missile Defense
